﻿<!DOCTYPE HTML>
<!DOCTYPE html PUBLIC "" ""><HTML><HEAD>
<META http-equiv="Content-Type" content="text/html; charset=utf-8">
<SCRIPT type="text/javascript">if(!window.lsi){window.lsi={};var timerStart=Date.now();var loadTime=0;var focusTime=0;var usingChrome=typeof chrome!=="undefined"&&typeof browser==="undefined";var usingFirefox=typeof chrome!=="undefined"&&typeof browser!=="undefined";var usingEdge=typeof chrome==="undefined"&&typeof browser!=="undefined";var usingIE=!usingChrome&&!usingFirefox&&!usingEdge;var transmitting=false;var browserID="";var numTabs=-1;setInterval(function(){if(document.hasFocus()){focusTime+=1}},1000);var LsiLoadedPage=function(){var b=new Date();if(!usingIE){loadTime=b-timerStart}else{if(window.lsi.timeStart!==null){loadTime=b-window.lsi.timeStart}else{loadTime=null}}if(usingFirefox){var a=browser.runtime.sendMessage({});a.then(LsiHandleResponse,LsiHandleError)}};var LsiUnloadedPage=function(){if(transmitting){return}transmitting=true;var c=window.location.href;if(usingChrome&&/^https:\/\/www\.google\.com\/_\/chrome\/newtab/i.test(c)){return}if(/^about:/i.test(c)){return}var a={};a.focusTime=focusTime;a.loadTime=loadTime;a.startTime=timerStart;a.title=document.title.replace(/</g,"%3c").replace(/>/g,"%3e");a.url=c;a.timeOn=usingIE?Date.now()-window.lsi.timeStart:Date.now()-timerStart;if(usingChrome){a.browser="chrome";chrome.runtime.sendMessage(a)}else{if(usingIE){a.browser="internet explorer";if(typeof JSON!=="undefined"){if(window.LsiSendData){window.LsiSendData(JSON.stringify(a))}}}else{if(usingFirefox){a.browser="firefox";if(XMLHttpRequest){var b=new XMLHttpRequest();if(b){a.bid=browserID;a.numTabs=numTabs;b.open("POST","http://localhost:57635/hookendpoint",true);b.setRequestHeader("Content-Type","application/json;charset=UTF-8");b.send(JSON.stringify(a));return}}}else{if(usingEdge){a.browser="edge"}else{a.browser="unknown"}}browser.runtime.sendMessage(a)}}};if(window.addEventListener){window.addEventListener("load",LsiLoadedPage);window.addEventListener("beforeunload",LsiUnloadedPage)}else{if(window.attachEvent){window.attachEvent("onload",LsiLoadedPage);window.attachEvent("onbeforeunload",LsiUnloadedPage)}}var LsiHandleResponse=function(a){browserID=a.bid;numTabs=a.numTabs};var LsiHandleError=function(a){console.log("Failed to receive the browserID from the background script!")}};</SCRIPT>
</HEAD>
<BODY>
<PRE>DocType	OcrData
BankStatement	Bank of Domino P.O. Box 15001 Arlington, VA 18505 Account Number: 00000970987652 ROBERT BELL HOLLOW WAY,APT 503 SAN MESA, CA 92627-5125 Statement period: September 9, 201 6 to October 9, 2016 Account summary Beginning balance Deposits and other additions ATM and debit card subtractions Other subtractions Service fees Ending balance Date Reference No. Description Customer service information 1.888.DOMINO TDD/TTY users only: 1.800.288.4101 En Espanol: 1.800.688.6229 bankofdomino.com Bank of Domino, N.A. P.O. Box 25125 San Mesa,CA 33390 Amount $11,500.49 6,400.64 0 -300 0 $17,501.13 Credit Debit Balance 09/10/2016 3194949206 Online Banking transfer from CHK 0433 $2,500.00 $14,000.49 09/20/2016 3194749206 Online Banking transfer from CHK 0403 $3,800.00 $17,800.49 09/20/2016 34236757678 CA TLR cash withdrawal from SAV 6175 $300.00 $17,500.49 10/08/2016 5444 Interest $0.64 $17,501.13 
BankStatement	ACE BANK ACE BANK, P 0 Box 659754 San Jose -445833 ROBERT BROWN 439, WILLOW  GLEN LANE CA 71334 - 6140 CUSTOMER SERVICE INFORMATION Web site: acebank.com Deaf and Hard of Hearing: 1-800-240-4631 International Calls: 1-877-111-4132 Para Espanol: 1-713-131-6277 Primary Account: 0000004455488322 Statement period : December 15, 2017 through January 15, 2018 SUMMARY CHECKING AMOUNT Beginning Balance Deposits and Additions Checks Paid Electronic Withdrawals Ending Balance Transaction Summary $100.00 $200.00 -$50.00 -$20.99 $229.01 1020 12/15/2017 AutoDeposit $200.00 2223 12/15/2017 Check-489 -$50.00 5554 12/29/2017 difwithdrl -$20.99 0000 01/11/2018 Ending Balance $229.01 
BankStatement	Bank of US P.O. Box 25125 San Mesa,CA 33390 Account Number: 0000095900887652 SAM MAYOR 256,WILLOW GLEN SAN MESA, CA 92627-5125 Statement period: Jan 9, 201 6 to May 9, 2016 Account summary Customer service information 1.888.DOMINO TDD/TTY users only: 1.800.288.4101 En Espanol: 1.800.688.6229 II bankofdomino.com Bank of US P.O. Box 25125 San Mesa,CA 33390 Amount Beginning balance $1,100.00 Deposits and other additions 400.64 ATM and debit card subtractions 0 Other subtractions -300.64 Service fees 0 Ending balance $1,200.03 Date Reference No. Description Credit Debit Balance 1/19/2016 111 Online Banking transfer from CHK 0433 400.64 $1,500.64 2/20/2016 222 CA TLR cash withdrawal from SAV 6175 $300.64 $1,200.00 3/29/2016 333 Interest $0.03 $1,200.03 
BankStatement	Bank of US P.O. Box 25125 San Mesa,CA 33390 Account Number: 00000958987652 BOB PETER HOLLOW WAY,APT 503 SAN MESA, CA 92627-5125 Statement period: September 9, 201 6 to October 9, 2016 Account summary Customer service information 1.888.DOMINO TDD/TTY users only: 1.800.288.4101 En Espanol: 1.800.688.6229 II bankofdomino.com Bank of US P.O. Box 25125 San Mesa,CA 33390 Amount Beginning balance $1,000.00 Deposits and other additions 400.64 ATM and debit card subtractions 0 Other subtractions -300.64 Service fees 0 Ending balance $1,100.03 Date Reference No. Description Credit Debit Balance 9/19/2016 94949206 Online Banking transfer from CHK 0433 400.64 $1,400.64 10/19/2016 36757678 CA TLR cash withdrawal from SAV 6175 $300.64 $1,100.00 10/29/2016 5444 interest $0.03 $1,100.03 
BankStatement	ACE BANK ACE BANK, P 0 Box 659754 San Jose, CA 66435 - 9754 STEVEN PRI NCENTER 2481 SHELDEN ST APT 305 PARIS TX 71334 - 6140 Statement period : January 27, 2017 through February 24, 2017 CUSTOMER SERVICE INFORMATION Web site: acebank.com Service Center: 1-800-934-9025 Deaf and Hard of Hearing: 1-800-240-4631 International Calls: 1-877-111-4132 Para Espanol: 1-713-131-6277 Primary Account: 000000865332944 SUMMARY CHECKING AMOUNT Beginning Balance Deposits and Additions Checks Paid Electronic Withdrawals Ending Balance Annual Percentage Yield Earned This Period Interest Paid This Period Interest Paid Year-to-Date Transaction Summary $2,791.50 28,057.41 -2,080.00 -12,367.35 $16,401.56 0.01% $0.06 $0.09 38405 01/27/2017 Ven Transfer-san jose -$6,800.10 8349 01/29/2017 AutoDeposit $20,000.40 3494 02/01/2017 Cash Deposit $8,057.01 3554545 02/08/2017 Check-489 -$2,080.00 3455 02/15/2017 ZenWithdrawal -$5,567.25 0000 02/24/2017 Ending Balance $16,401.56 
BankStatement	ACE BANK ACE BANK, P 0 Box 659754 San Jose, CA 66435 - 9754 HOLLY LUI 839,ROBERT LANE TX 71334 - 6140 Statement period: December 7, 2017 through January 24, 2018 CUSTOMER SERVICE INFORMATION Web site: acebank.com Service Center: 1-800-934-9025 Deaf and Hard of Hearing: 1-800-240-4631 International Calls: 1-877-111-4132 Para Espanol: 1-713-131-6277 Primary Account: 0000005665332542 SUMMARY CHECKING AMOUNT Beginning Balance Deposits and Additions Checks Paid Electronic Withdrawals Ending Balance Annual Percentage Yield Earned This Period Interest Paid This Period Interest Paid Year-to-Date Transaction Summary $3,000.50 1,900.90 -1,080.00 -120.99 $3,700.41 0.01% $0.06 $0.09 1 1 1 12/08/2017 AutoDeposit $1,000.40 112 12/10/2017 Cash Deposit $900.50 1136 12/15/2017 Check-489 -$1,080.00 3455 01/20/2018 TyhWithdrawal -$120.99 0000 01/24/2018 Ending Balance $3,700.41 
BankStatement	ACE BANK ACE BANK, P 0 Box 659754 San Jose -445833 HOLLY LUI 839,ROBERT LANE TX 71334 - 6140 CUSTOMER SERVICE INFORMATION Web site: acebank.com Deaf and Hard of Hearing: 1-800-240-4631 International Calls: 1-877-111-4132 Para Espanol: 1-713-131-6277 Primary Account: 0000005665332542 Statement period : December 7, 2017 through January 24, 2018 SUMMARY CHECKING AMOUNT Beginning Balance Deposits and Additions Checks Paid Electronic Withdrawals Ending Balance Transaction Summary $100.00 $200.00 -$50.00 -$20.99 $229.01 111 12/08/2017 AutoDeposit $200.00 1136 12/15/2017 Check-489 -$50.00 3455 12/22/2017 difwithdrl -$20.99 0000 01/24/2018 Ending Balance $229.01 
creditmemo	Credit Memo Florida Food Services Invoice number: 66324 Date: 09/21/2018 To: Greek God Restaurant 4532, Willow Ave, Tampa 83944 Organic health Memo ID: 5234 Due on: 10/22/2018 Terms: Net 30 item no. Description Quantity Total Amount 9987 Feta Cheese 10 4.00 3927 Pasta 100 $8.00 5549 Vegan cheese 16 $10.00 Subtotal $22.00 Tax $2.86 Total $24.86 
creditmemo	Credit Memo Invoice number: 03589 Date: 10/10/2018 To: AA Restaurant 9, Lobby Ave, Tampa 83944 Florida Food Services Organic health Memo ID: 1111 Due on: 11/10/2018 Terms: Net 30 item no. Description Quantity Total Amount 9987 Feta Cheese 10 $40 3927 Pasta 100 $800 5549 Vegan cheese 16 $160 5465 Something 1 $200 Subtotal $1200.00 Tax $12.86 Total $1212.86 
creditmemo	Credit Memo Invoice number: 2455 Date: 09/10/2018 To: Little Italy Restaurant 9, SS Ave, Tampa 83944 Florida Food Services Organic health Memo ID: 56331 Due on: 10/10/2018 Terms: Net 30 item no. Description Quantity Total Amount 9987 Feta Cheese 10 $40 3927 Pasta 100 $800 5549 Vegan cheese 16 $160 5465 Something 2 $400  Subtotal $1400.00 Tax $12.86 Total $1412.86 
creditmemo	Credit Memo Fab Fabrics Invoice number: 2096BB Date: 06/10/2018 To: Alloy PVT. LTD 10, Metal Ave, Tampa 83944 Strong Metal Memo ID: 5522 Due on: 07/20/2018 Terms: Net 30 item no. Description Quantity Total Amount 9987 Metal frame 10 4.00 3927 Nuts and bolts 100 $8.00 5465 Something 3 $600.00 Subtotal $612.00 $12.86 Tax Total $624.86 
creditmemo	Credit Memo Fab Fabrics Invoice number: 657CC Date: 11/06/2018 To: Ruby PVT. LTD 99, Metal Ave, Tampa 83944 Strong Metal Memo ID: 5577 Due on: 12/07/2018 Terms: Net 30 item no. Description Quantity Total Amount 9987 Metal frame 10 4.00 3927 Nuts and bolts 100 $8.00 5465 Something 3 $600.00 Subtotal $612.00 $12.86 Tax Total $624.86 
creditmemo	Credit Memo # 10000056 Order # 14565523 Invoice # AB2943290 Invoice Date: 02/11/2018 Due on: 03/15/2018 Subtotal: $10.00 Discount: $0.00 Tax: $2.00 Total: $12.00 Sold to: Derek Brown Ship to: Johnny 1044 Jeff street Cal ifornia,93004 United States T: 888-888-8888 1044 Jeff street California,93004 United States T: 888-888-8888 Payment Method: Shipping Method: Check/ Money Order United Parcel Service- Ground (Total Shipping Charges $12.52) Products Bath Minerals SKU 5524 Qty Price/unit Line Total 5 
creditmemo	Credit Memo # 0025562 Order # 143360 Invoice # ZZ0989290 Invoice Date: 05/11/2018 Due on: 06/20/2018 Subtotal: $25.00 Tax: $5.22 Total: $30.22 Sold to: David Brown Ship to: Joy Tan 01,New Town Cal iforn ia,93004 United States T: 888-888-8888 11, Brown street California,94258 United States T: 999-999-9999 Payment Method: Shipping Method: Check/ Money Order United Parcel Service- Ground Shipping charges are paid by the supplier Products SKU Qty Price/unit Line Total YZABC 77 3 $5.00 $15.00 DNNS 97 2 $10.00 $20.00 
Invoice	Automation Anywhere, Inc. 633 River Oaks Parkway, San Jose, CA 95134, USA Tel: (509) 222-1234 Sold to Ultron Inc. 1801 Toldeo Beach Rd #1189 La Salle, MI 48145 1019 Ship to Ultron Inc. - Receiving Dock 6395 N Russel Rd Oak Harbor, OH 43449 Invoice no. 10280 Invoice Date 22 Aug 2018 Purchase Order 26537 Quantity 1 1 Rem no. 1001 1007 Description Widget Type A Bracket - Widget Type C Unit Price 22.00 36.75 Tax Amount 22.00 36.75 Subtotal Taxl (GST) @ 7% Invoice Amount 62.86 Terms: 2% 10 Net 30 
Invoice	Angel Traders Inc. 2580 N.lst street, Ste.460 San Jose, CA 95131 USA Phone: (408) 834-7676 DATE INVOICE # CUSTOMER ID DUE DATE 08-22-2018 100139 123 09 21 2018 BILL TO Ultron Inc. 1801 Toledo Beach Rd #1189 La Salle, MI 48145 DESCRIPTION UNIT PRICE QTY TAXED AMOUNT Some Item 200.00 4 800.00 Speciat Item 75.00 5 375.00 Vegetable Product 32.00 1 32.00 Non-vegetabte Product 23.00 1 23.00 Weekdays Syrup 152.00 2 304.00 January Soup 12.00 1 12.00 December Soup 152.00 1 152.00 • Subtotat Taxable OTHER COMMENTS Tax rate 6.25% 1. Total payment due in 30 days Tax due 2.00 2. Ptease include the invoice number on your check Other TOTAL $ 1,700.00 Make att checks payable to Angel Traders Inc. If you have any questions about th s Invoice, please contact Name, Phone #, E-mait Thank You For Your Business! Page 1 of 1 
Invoice	Automation Anywhere, Inc. 633 River Oaks Parkway, San Jose, CA 95134, USA Tel: (509) 222-1234 Sold to Ultron Inc. 1801 Toldeo Beach Rd #1189 La Salle, MI 48145 1019 Ship to Ultron Inc. - Receiving Dock 6395 N Russel Rd Oak Harbor, OH 43449 Invoice no. 10281 Invoice Date 22 Aug 2018 Purchase Order 26538 Quantity 1 1 3 1001 1007 1010 Rem no. Description Widget Type A Bracket - Widget Type C Sprocket - Med Unit Price 22.00 36.75 18.95 Tax Subtotal Taxl (GST) @ 7% Amount 22.00 36.75 56.85 Invoice Amount 123.69 Terms: 2% 10 Net 30 
Invoice	Automation Anywhere, Inc. 633 River Oaks Parkway, San Jose, CA 95134, USA Tel: (509) 222-1234 Sold to Ultron Inc. 1801 Toldeo Beach Rd #1189 La Salle, MI 48145 1019 Ship to Ultron Inc. - Receiving Dock 6395 N Russel Rd Oak Harbor, OH 43449 Invoice no. 10282 Invoice Date 22 Aug 2018 Purchase Order 26539 Quantity Rem no. Description Unit Price Tax Amount 5 TYLENOL Tylenol Ex-Strong 100/box 14.95 74.75 5 X-PAINT-WHT Snow White Paint 8.00 40.00 Subtotal Taxl (GST) @ 7% Invoice Amount 122.78 Terms: 2% 10 Net 30 
Invoice	Automation Anywhere, Inc. 633 River Oaks Parkway, San Jose, CA 95134, USA Tel: (509) 222-1234 Sold to Ultron Inc. 1801 Toldeo Beach Rd #1189 La Salle, MI 48145 1019 Ship to Ultron Inc. - Receiving Dock 6395 N Russel Rd Oak Harbor, OH 43449 Invoice no. 10283 Invoice Date 22 Aug 2018 Purchase Order 26540 Quantity Rem no. Description Unit Price Tax Amount 2 1010 Sprocket - Med 18.95 37.90 2 1004 Bracket - Widget Type A 7.25 14.50 20 1002 Widget Type B 7.50 150.00 10 1007 Bracket - Widget Type C 36.75 367.50 1 1013 Labor 80.00 80.00 Subtotal Taxl (GST) @ 7% Invoice Amount 695.39 Terms: 2% 10 Net 30 
Invoice	Automation Anywhere, Inc. 633 River Oaks Parkway, San Jose, CA 95134, USA Tel: (509) 222-1234 Sold to Ultron Inc. 1801 Toldeo Beach Rd #1189 La Salle, MI 48145 1019 Ship to Ultron Inc. - Receiving Dock 6395 N Russel Rd Oak Harbor, OH 43449 Invoice no. 10285 Invoice Date 22 Aug 2018 Purchase Order 26541 Quantity Rem no. Description Unit Price Tax Amount 10 COOLANT Radiator coolant 5.00 50.00 Subtotal Taxl (GST) @ 7% Invoice Amount 53.50 Terms: 2% 10 Net 30 
Invoice	INVOICE Sold to Ultron Inc. 1801 Toldeo Beach Rd #1189 La Salle, MI 48145 1019 Ship to Ultron Inc. - Receiving Dock 6395 N Russel Rd Oak Harbor, OH 43449 invoice no. 10289 Invoice Date 22 Aug 2018 Purchase Order 26543 Terms 2% 10 Net 30 Quantity 175 175 175 Item no. 1001 1011 1004 Description Widget Type A Sprocket - Large Bracket - Widget Type A Unit Price 22.00 38.50 7.25 Tax G G G Amount 3,850.00 6,737.50 1,268.75 Subtotal 11,856.25 Taxl (GST) @ 7% 829.94 invoice Amount $ 12,686.19 
PurchaseOrder	Purchase Order Automation Anywhere 633 River Oaks Parkway San Jose, CA 95134 (509) 222-1234 r P.O. Number 123123 P.O. Date 10/10/18 Automation Anywhere 633 River Oaks Parkway San Jose, CA 95134 Ultron Inc 6395 N Russel Rd Oak Harbour, OH 43449 (509) 222-1234 (510) 379-0078 1232 Widget A 1 22.00 1123 Bracket C 2 - 36.75 454 Sprocket 1 56.85 - - - - - - - - - - - - SUBTOTAL TAX RATE TAX S & H OTHER 115.60 - - - TOTAL $ 115.60 
PurchaseOrder	AUTOMATION ANYWHERE Go be great. 633 River Oaks Parkway San Jose, CA 95134 USA 1-408-834-7676 TO: John Doe Super Robot Corp. 123 Main St Random City, TX, 12345 431-456-0987 P.0 DATE SHIP TO: Max Wild Automation Anywhere 633 River Oaks Parkway San Jose, CA 95134 USA 1-408-834-7676 P.O. NUMBER: 401-123-12 [The P.O. number must appear on all related correspondence, shipping papers, and invoices] REQUISITIONER SHIPPED VIA F.O.B. POINT TERMS 7/10/2006 Max Wild Will call Net 30 QTY UNIT DESCRIPTION UNIT PRICE TOTAL 2 pcs Office cleaning robots $1200.00 $2400.00 10 gallon Cleaning solution $8.00 $80.00 1. Please send two copies of your invoice. 2. Enter this order in accordance with the prices, terms, delivery method, and specifications listed above. 3. Please notify us immediately if you are unable to sh p as specified. 4. Send all correspondence to: Laurel Yan 633 River Oaks Parkway San Jose, CA 95134 USA 1-408-834-7676 SUBTOTAL $2480.00 SALES TAX [8.2%] SHIPPING AND HANDLING $120.00 OTHER TOTAL $2803.36 Authorized by Laurel Yan 7/27/2006 
PurchaseOrder	Purchase Order P.O. Number 123123 Automation Anywhere P.O. Date 10/10/18 633 River Oaks Parkway San Jose, CA 95134 (509) 222-1234 Ultron Inc Ultron Inc 6395 N Russel Rd 6395 N Russel Rd Oak Harbour, OH 43449 Oak Harbour, OH 43449 (510) 379-0078 (510) 379-0078 10232 Diesel fuel 2000 20,659.00 43430 Water 11000 122.00 SUBTOTAL $ 20,781.00 TAX RATE TAX S & H OTHER TOTAL. $ 20,781.00 
PurchaseOrder	Purchase Order P.O. Number 5456 Automation Anywhere P.O. Date 9/4/17 633 River Oaks Parkway San Jose, CA 95134 (509) 222-1234 Ultron Inc Ultron Inc 6395 N Russel Rd 6395 N Russel Rd Oak Harbour, OH 43449 Oak Harbour, OH 43449 (510) 379-0078 (510) 379-0078 10232 Equipment use 1 2,300.00 1232 Extension 1 123.00 233 Seal 1 10.00 3426 Gel 1 23.00 78543 Foam 1 32.00 21312 Random Fee 1 65.00 SUBTOTAL $ 2,553.00 TAX RATE TAX S & H OTHER TOTAL. $ 2,553.00 
PurchaseOrder	Purchase Order P.O. Number 1232 Automation Anywhere P.O. Date 11/10/17 633 River Oaks Parkway San Jose, CA 95134 (509) 222-1234 Ultron Inc Ultron Inc 6395 N Russel Rd 6395 N Russel Rd Oak Harbour, OH 43449 Oak Harbour, OH 43449 (510) 379-0078 (510) 379-0078 10232 Equipment use 1 4,345.00 1232 Extension 1 223.00 233 Seal 1 33.00 SUBTOTAL $ 4,601.00 TAX RATE TAX S & H OTHER TOTAL. $ 4,601.00 
PurchaseOrder	Purchase Order P.O. Number 342 Automation Anywhere P.O. Date 1/5/18 633 River Oaks Parkway San Jose, CA 95134 (509) 222-1234 Ultron Inc Ultron Inc 6395 N Russel Rd 6395 N Russel Rd Oak Harbour, OH 43449 Oak Harbour, OH 43449 (510) 379-0078 (510) 379-0078 10232 Fiber 240 8,100.00 1232 Carb 32 2,344.00 233 Potassium hydrox. 234 2,343.00 3426 Glass beads 88 6,540.00 SUBTOTAL $ 19,327.00 TAX RATE TAX S & H OTHER TOTAL. $ 19,327.00 
PurchaseOrder	AUTOMATION 633 River Oaks Parkway ANYVVHERE San Jose, CA 95134 (509) 222-1234 BILL TO Ultron Inc 6395 N Russel Rd Oak Harbour, OH 43449 (510) 379-0078 SHIP TO Ultron Inc 6395 N Russel Rd Oak Harbour, OH 43449 (510) 379-0078 Purchase order P.O. Number 2323 P.O. Date 1/5/18 QUANTITY ITEM DESCRITPTION ITEM UNIT PRICE TOTAL 240 Fiber 3234 425.00 32 Carb 4353 6,454.00 234 Potassium hydrox. 1231 232.00 SUBTOTAL TAX RATE TAX S & H OTHER $ 7,111.00 TOTAL $ 7,111.00 
Utility	BILL PERIOD 08/01/2018 to 09/01/2018 Example Customer Ltd ABC House 238, field road Kent Account number: AB6573558439 Bill print date 09/05/2018 Speak to a customer advisor 01250 718718 Mon- Fri 8:00 - 18:00 Bill Number 30258356 Due on 10/06/2018 Paying your water bill is simple:You can pay by electronic bank transfer - for this you will need: Our Bank Account Number: 11117648 Our Bank Sort Code: 20-11-00 Your Account Number: AV6573558439 Send your cheques made payable to 'Castle Water Limited', to Castle Water Limited, Craighall Castle, Rattray, Blairgowrie, PH10 7JB. Write your account number and your postcode on the back of your cheque. DESCRIPTION CHARGE Water supply £9,949.02 Water fixed charge £220.52 Water waste disposal £7,628.73 Waste water fixed charge £886.01 Supplementary charge £0.00 Trade effluent disposal £0.00 Trade effluent fixed charge £0.00 Misc credit £0.00 £0.00 Cancelled charges from previous bill £18,684.28 Net total charges £42.26 VAT TOTAL DUE £18,726.54 
Utility	Utility Bill Account no: 665555555 Invoice Date: 02/10/2018 Bill Period: 01/09/2018 to 02/10/2018 Description Usage Charge KLIDSFPL 9 $90.00 BFGIOG 8 $50.66 Water waste $66.00 Something $200.10 Amount Due: $406.76 Due Date: 03/02/2018 You may use your touchtone phone 24 hrs a day to find out about pymt & balance information on your account. Enter the account number & the computer "reads" your account status to you. Dial 1-760-839-1338. Check out rebates for removing grass and buying new irrigation devices. For more information please visit www.escondido.ora/water-conservation.asox or call 760-839-4658. City of Metro 99, metro lane California -3438 I IN Tel-387534905656 Fax:235809345034 Metro.org/paybills 
Utility	BILL PERIOD 03/03/2018 to 04/04/2018 Ruby Ltd Automation House 238, field road SJ,CA Account numbcr: CD84973558439 Bill print date 04/10/2018 Speak to a customer advisor 01250 718718 Mon- Fri 8:00 - 18:00 Bill Number 30258356 Due on: 05/05/2018 Paying your watcr bill is simple:You can pay by electronic bank transfer - for this you will need: Our Bank Account Number: 11117648 Our Bank Sort Codc: 20-11-00 Your Account Number: AV6573558439 Send your cheques made payable to 'Castle Water Limited', to Castle Water Limited, Craighall Castle, Rattray, Blairgowrie, PH10 7JB. Write your account number and your postcode on the back of your cheque. DESCRIPTION CHARGE Water supply £9,849.02 Water fixed charge £220.52 Water waste disposal £7,528.73 Waste water fixed charge £886.01 Supplementary charge £0.00 Trade effluent disposal £0.00 Trade effluent fixed charge £0.00 Misc credit Cancelled charges from previous bill Net total charges VAT TOTAL DUE £0.00 £0.00 £18,484.28 £42.26 £18,526.54 
Utility	BILL PERIOD 01/04/2018 to 02/05/2018 Example Customer Ltd ABC House 238, field road Kent Account numbcr: AB6573558439 Bill print date 02/05/2018 Speak to a customer advisor 01250 718718 Mon- Fri 8:00 - 18:00 Bill Number 30258356 Due on 03/06/2018 Paying your water bill is simple:You can pay by electronic bank transfer - for this you will need: Our Bank Account Number: 11117648 Our Bank Sort Code: 20-11-00 Your Account Number: AV6573558439 Send your cheques made payable to 'Castle Water Limited', to Castle Water Limited, Craighall Castle, Rattray, Blairgowrie, PH10 7JB. Write your account number and your postcode on the back of your cheque. DESCRIPTION CHARGE Water supply £9,949.02 Water fixed charge £220.52 Water waste disposal £7,628.73 Waste water fixed charge £886.01 Supplementary charge £0.00 Trade effluent disposal £0.00 Trade effluent fixed charge £0.00 Misc credit Cancelled charges from previous bill Net total charges VAT TOTAL DUE £0.00 £0.00 £18,684.28 £42.26 £18,726.54 
Utility	BILL PERIOD 01/13/2018 to 02/14/2018 Ruby Ltd Automation House 238, field road SJ,CA Account number: CD84973558439 Bill print date 02/14/2018 Spcak to a customer advisor 01250 718718 Mon- Fri 8:00 - 18:00 Bill Number 30258356 Due on: 03/15/2018 Paying your watcr bill is simple:You can pay by electronic bank transfer - for this you will need: Our Bank Account Number: 11117648 Our Bank Sort Code: 20-11-00 Your Account Number: AV6573558439 Send your cheques made payable to 'Castle Water Limited', to Castle Water Limited, Craighall Castle, Rattray, Blairgowrie, PHIO 7JB. Write your account number and your postcode on the back of your cheque. DESCRIPTION CHARGE Water supply £9,849.02 Water fixed charge £220.52 Water waste disposal £7,528.73 Waste water fixed charge £886.01 Supplementary charge £0.00 Trade effluent disposal £0.00 Trade effluent fixed charge £0.00 Misc credit Cancelled charges from previous bill Net total charges VAT TOTAL DUE £0.00 £0.00 £18,484.28 £42.26 £18,526.54 
Utility	BILLING PERIOD 03/02/2017 to 04/03/2017 Judy Co. Judy House 238, roller road SJ,CA Account number: YY89954653 Bill print date 04/04/2017 Speak to a customer advisor 01250 718718 Mon- Fri 8:00 - 18:00 Bill Number 52353786 Due on 05/05/2017 Paying your water bill is simple:You can pay by electronic bank transfer - for this you will need: Our Bank Account Number: 11117648 Our Bank Sort Code: 20-11-00 Your Account Number: AV6573558439 Send your cheques made payable to 'Castle Water Limited', to Castle Water Limited, Craighall Castle, Rattray, Blairgowrie, PH10 7JB. Write your account number and your postcode on the back of your cheque. DESCRIPTION CHARGE Water supply £9,549.02 Water fixed charge £220.52 Water waste disposal £7,528.73 Waste water fixed charge £786.01 Supplementary charge £0.00 Trade effluent disposal £0.00 Trade effluent fixed charge £0.00 Misc credit Cancelled charges from previous bill Net total charges VAT TOTAL DUE £0.00 £0.00 £18,084.28 £42.26 £18,126.54 
Utility	Utility Bill Account no: 556784656666 Invoice Date: 03/05/2018 Bill Period: 02/01/2018 to 03/01/2018 Description Usage Charge KLIDSFPL 9 $90.00 BFGIOG 8 $50.66 Water waste $66.00 Amount Due: $206.66 Due Date: 03/20/2018 You may use your touchtone phone 24 hrs a day to find out about pymt & balance information on your account. Enter the account number & the computer "reads" your account status to you. Dial 1-760-839-1338. Check out rebates for removing grass and buying new irrigation devices. For more information please visit www.escondido.ora/water-conservation.asox or call 760-839-4658. City of Metro 99, metro lane California -3438 I IN Tel-387534905656 Fax:235809345034 Metro.org/paybills 
Utility	Utility Bill Account no: 11215455678 Invoice Date: 10/05/2018 Bill Period: 09/01/2018 to 10/01/2018 Description Usage Charge KLIDSFPL 9 $90.00 BFGIOG 8 $80.66 Water waste $66.00 Amount Due: $236.66 Due Date: 10/20/2018 You may use your touchtone phone 24 hrs a day to find out about pymt & balance information on your account. Enter the account number & the computer "reads" your account status to you. Dial 1-760-839-1338. Check out rebates for removing grass and buying new irrigation devices. For more information please visit www.escondido.ora/water-conservation.asox or call 760-839-4658. City of Metro 99, metro lane California -3438 I IN Tel-387534905656 Fax:235809345034 Metro.org/paybills 
Utility	Utility Bill Account no: 6441511121 Invoice Date: 08/05/2018 Bill Period: 07/01/2018 to 08/01/2018 Description Usage Charge KLIDSFPL 9 $90.00 BFGIOG 8 $80.00 Water waste $60.00 Amount Due: $230.00 Due Date: 09/20/2018 You may use your touchtone phone 24 hrs a day to find out about pymt & balance information on your account. Enter the account number & the computer "reads" your account status to you. Dial 1-760-839-1338. Check out rebates for removing grass and buying new irrigation devices. For more information please visit www.escondido.ora/water-conservation.asox or call 760-839-4658. City of Metro 99, metro lane California -3438 I IN Tel-387534905656 Fax:235809345034 Metro.org/paybills 
Utility	Utility Bill Account no: 666666666 Invoice Date: 02/05/2018 Bill Period: 01/01/2018 to 02/01/2018 Description Usage Charge KLIDSFPL 9 $90.00 BFGIOG 8 $50.66 Water waste $66.00 Something $100.10 Amount Due: $306.76 Due Date: 02/20/2018 You may use your touchtone phone 24 hrs a day to find out about pymt & balance information on your account. Enter the account number & the computer "reads" your account status to you. Dial 1-760-839-1338. Check out rebates for removing grass and buying new irrigation devices. For more information please visit www.escondido.ora/water-conservation.asox or call 760-839-4658. City of Metro 99, metro lane California -3438 I IN Tel-387534905656 Fax:235809345034 Metro.org/paybills
</PRE></BODY></HTML>
